Trade#,Regime,SignalType,Type,EntryDate,EntryPrice,ExitDate,ExitPrice,PositionSize,PnL_USDT,PnL_Percent,Commission,NetPnL,Duration_Hours,ExitReason,SessionMultiplier
1,TRENDING,TrendFollow,LONG,2025-01-06 05:30:00,3687.34,2025-01-06 08:45:00,3638.07,19.9415,-982.52,-1.44,73.04,-1055.56,3.25,StopLoss,0.60
2,TRENDING,TrendFollow,LONG,2025-01-06 05:45:00,3684.55,2025-01-06 08:45:00,3638.07,22.1823,-1031.03,-1.36,81.22,-1112.25,3.00,StopLoss,0.60
3,TRENDING,TrendFollow,SHORT,2025-01-08 06:30:00,3336.55,2025-01-08 11:30:00,3348.90,21.7493,-268.60,-0.47,72.70,-341.31,5.00,StopLoss,0.80
4,TRENDING,TrendFollow,SHORT,2025-01-08 06:45:00,3327.59,2025-01-08 11:30:00,3348.90,21.6730,-461.85,-0.74,72.35,-534.20,4.75,StopLoss,0.80
5,TRENDING,TrendFollow,SHORT,2025-01-09 13:45:00,3251.86,2025-01-09 16:00:00,3318.79,27.4727,-1838.75,-2.16,90.26,-1929.01,2.25,StopLoss,1.00
6,TRENDING,TrendFollow,SHORT,2025-01-09 14:15:00,3239.84,2025-01-09 16:00:00,3318.79,23.7181,-1872.54,-2.54,77.78,-1950.32,1.75,StopLoss,1.00
7,TRENDING,TrendFollow,SHORT,2025-01-13 05:15:00,3227.23,2025-01-13 10:30:00,3121.74,18.6886,828.01,1.30,42.41,785.60,5.25,TP3,0.60
8,TRENDING,TrendFollow,LONG,2025-01-15 14:15:00,3289.11,2025-01-15 15:00:00,3328.36,26.3137,1032.81,1.09,87.06,945.75,0.75,RSI_Extreme,1.00
9,TRENDING,TrendFollow,LONG,2025-01-15 19:30:00,3392.02,2025-01-15 21:00:00,3432.73,25.1147,332.29,0.32,56.60,275.68,1.50,TrailingStop,0.80
10,TRENDING,TrendFollow,LONG,2025-01-15 19:45:00,3408.06,2025-01-16 00:45:00,3396.90,24.6169,-137.36,-0.24,62.85,-200.22,5.00,StopLoss,0.80
11,TRENDING,TrendFollow,SHORT,2025-01-21 01:30:00,3214.20,2025-01-21 11:00:00,3302.00,9.5804,-841.16,-2.83,31.21,-872.37,9.50,StopLoss,0.60
12,RANGING,MeanReversion,SHORT,2025-01-21 10:45:00,3288.75,2025-01-21 15:30:00,3298.17,24.7686,-116.66,-0.22,61.15,-177.81,4.75,StopLoss,1.00
13,TRENDING,TrendFollow,SHORT,2025-01-22 19:00:00,3248.92,2025-01-23 14:45:00,3268.21,27.0217,-312.75,-0.44,70.39,-383.14,19.75,StopLoss,0.80
14,TRENDING,TrendFollow,SHORT,2025-01-23 02:30:00,3223.98,2025-01-23 14:45:00,3268.21,19.8221,-876.73,-1.47,64.34,-941.08,12.25,StopLoss,0.60
15,TRENDING,TrendFollow,SHORT,2025-01-27 06:30:00,3116.01,2025-01-27 06:45:00,3093.54,22.9318,515.28,0.62,71.20,444.08,0.25,RSI_Extreme,0.80
16,TRENDING,TrendFollow,SHORT,2025-01-27 16:45:00,3089.68,2025-01-27 21:15:00,3187.70,20.7334,-2032.29,-3.27,65.08,-2097.37,4.50,StopLoss,1.00
17,TRENDING,TrendFollow,SHORT,2025-01-29 14:45:00,3098.51,2025-01-29 19:45:00,3133.65,34.5738,-728.95,-0.76,86.07,-815.02,5.00,StopLoss,1.00
18,TRENDING,TrendFollow,SHORT,2025-01-29 15:00:00,3095.28,2025-01-29 19:45:00,3133.65,31.9924,-736.53,-0.82,79.59,-816.12,4.75,StopLoss,1.00
19,TRENDING,TrendFollow,LONG,2025-01-30 15:00:00,3269.61,2025-01-30 20:45:00,3229.79,27.8783,-1110.11,-1.32,90.60,-1200.71,5.75,StopLoss,1.00
20,TRENDING,TrendFollow,LONG,2025-01-31 07:00:00,3261.66,2025-01-31 11:45:00,3331.13,32.7885,740.29,0.63,71.22,669.07,4.75,RSI_Extreme,0.80
21,TRENDING,TrendFollow,SHORT,2025-02-03 00:45:00,2777.02,2025-02-03 07:00:00,2523.70,5.2485,558.41,3.76,10.07,548.34,6.25,TrailingStop,0.60
22,TRENDING,TrendFollow,SHORT,2025-02-03 01:45:00,2749.52,2025-02-03 07:00:00,2523.70,4.7885,454.16,3.38,9.12,445.04,5.25,TrailingStop,0.60
23,TRENDING,TrendFollow,LONG,2025-02-11 01:15:00,2695.88,2025-02-11 14:00:00,2632.81,21.2839,-1342.37,-2.44,56.71,-1399.08,12.75,StopLoss,0.60
24,TRENDING,TrendFollow,SHORT,2025-02-12 15:15:00,2580.58,2025-02-12 17:30:00,2682.05,17.5449,-1780.28,-4.03,46.17,-1826.45,2.25,StopLoss,1.00
25,TRENDING,TrendFollow,LONG,2025-02-14 04:00:00,2714.00,2025-02-14 10:30:00,2704.91,22.1929,-201.73,-0.43,60.13,-261.86,6.50,StopLoss,0.60
26,TRENDING,TrendFollow,LONG,2025-02-14 16:00:00,2733.34,2025-02-14 20:00:00,2736.68,28.4662,47.54,-0.01,58.38,-10.84,4.00,FridayClose,1.00
27,TRENDING,TrendFollow,LONG,2025-02-17 12:45:00,2769.58,2025-02-17 16:00:00,2754.74,17.4691,-129.62,-0.34,36.22,-165.84,3.25,StopLoss,0.60
28,TRENDING,TrendFollow,LONG,2025-02-20 04:30:00,2751.84,2025-02-20 09:30:00,2728.47,30.0795,-702.96,-0.95,82.42,-785.38,5.00,StopLoss,0.60
29,TRENDING,TrendFollow,LONG,2025-02-20 14:15:00,2758.47,2025-02-20 15:00:00,2727.90,57.1389,-1746.74,-1.21,156.74,-1903.48,0.75,StopLoss,1.00
30,TRENDING,TrendFollow,LONG,2025-02-20 14:30:00,2761.00,2025-02-20 15:00:00,2727.90,53.4056,-1767.72,-1.30,146.57,-1914.29,0.50,StopLoss,1.00
31,TRENDING,TrendFollow,LONG,2025-02-21 10:15:00,2795.18,2025-02-21 14:45:00,2794.14,29.9205,-15.56,-0.09,62.72,-78.28,4.50,StopLoss,1.00
32,TRENDING,TrendFollow,LONG,2025-02-24 00:15:00,2836.34,2025-02-24 01:30:00,2791.38,18.0760,-812.70,-1.68,50.86,-863.56,1.25,StopLoss,0.60
33,TRENDING,TrendFollow,SHORT,2025-02-24 10:45:00,2671.19,2025-02-24 23:00:00,2506.67,31.1044,2149.26,2.52,57.92,2091.35,12.25,TP3,1.00
34,TRENDING,TrendFollow,SHORT,2025-02-24 22:15:00,2564.38,2025-02-25 07:30:00,2365.47,11.7652,982.89,3.19,20.93,961.96,9.25,TP3,0.60
35,TRENDING,TrendFollow,SHORT,2025-02-24 23:00:00,2506.67,2025-02-25 08:00:00,2366.83,9.0672,532.54,2.27,15.87,516.67,9.00,RSI_Extreme,0.60
36,TRENDING,TrendFollow,SHORT,2025-02-26 16:30:00,2403.36,2025-02-26 18:45:00,2318.21,20.5639,1050.61,2.05,39.01,1011.60,2.25,RSI_Extreme,1.00
37,TRENDING,TrendFollow,SHORT,2025-02-26 18:00:00,2365.55,2025-02-26 18:45:00,2318.21,16.2964,462.88,1.12,30.61,432.27,0.75,RSI_Extreme,0.80
38,TRENDING,TrendFollow,SHORT,2025-02-27 15:15:00,2317.61,2025-02-28 02:45:00,2145.17,26.0501,1886.67,3.06,41.92,1844.75,11.50,TP3,1.00
39,TRENDING,TrendFollow,SHORT,2025-02-27 16:45:00,2309.40,2025-02-28 02:45:00,2145.17,23.1924,1599.74,2.92,37.23,1562.51,10.00,TP3,1.00
40,TRENDING,TrendFollow,SHORT,2025-02-28 03:00:00,2166.65,2025-02-28 15:15:00,2200.71,9.6583,-328.96,-1.67,21.09,-350.05,12.25,StopLoss,0.60
41,TRENDING,TrendFollow,LONG,2025-03-06 05:30:00,2308.66,2025-03-06 10:45:00,2296.23,20.5267,-255.15,-0.64,47.26,-302.41,5.25,StopLoss,0.60
42,TRENDING,TrendFollow,LONG,2025-03-06 03:00:00,2283.29,2025-03-06 12:45:00,2271.21,19.5644,-236.34,-0.63,44.55,-280.89,9.75,StopLoss,0.60
43,TRENDING,TrendFollow,SHORT,2025-03-18 13:45:00,1876.76,2025-03-18 19:00:00,1889.46,65.9192,-837.17,-0.78,124.13,-961.31,5.25,StopLoss,1.00
44,TRENDING,TrendFollow,SHORT,2025-03-18 14:00:00,1878.79,2025-03-18 19:00:00,1889.46,66.7225,-711.93,-0.67,125.71,-837.64,5.00,StopLoss,1.00
45,TRENDING,TrendFollow,LONG,2025-03-20 00:15:00,2061.55,2025-03-20 01:00:00,2032.00,30.4782,-900.63,-1.53,62.38,-963.01,0.75,StopLoss,0.60
46,TRENDING,TrendFollow,LONG,2025-03-19 14:15:00,2025.81,2025-03-20 10:15:00,1989.11,27.5567,-1011.33,-1.91,55.32,-1066.65,20.00,StaleTimeout,1.00
47,TRENDING,TrendFollow,SHORT,2025-03-26 19:30:00,1989.26,2025-03-26 23:30:00,2001.10,42.3210,-501.08,-0.70,84.44,-585.52,4.00,StopLoss,0.80
48,TRENDING,TrendFollow,SHORT,2025-03-31 00:45:00,1781.32,2025-03-31 06:00:00,1808.43,21.3118,-577.76,-1.62,38.25,-616.02,5.25,StopLoss,0.60
49,TRENDING,TrendFollow,SHORT,2025-03-31 01:00:00,1785.44,2025-03-31 06:00:00,1808.43,20.4813,-470.86,-1.39,36.80,-507.67,5.00,StopLoss,0.60
50,TRENDING,TrendFollow,LONG,2025-04-01 15:15:00,1903.31,2025-04-01 17:45:00,1915.94,36.3580,459.20,0.56,69.43,389.77,2.50,RSI_Extreme,1.00
51,TRENDING,TrendFollow,LONG,2025-04-01 15:30:00,1910.00,2025-04-01 17:45:00,1915.94,32.3680,192.27,0.21,61.92,130.35,2.25,RSI_Extreme,1.00
52,TRENDING,TrendFollow,LONG,2025-04-02 20:15:00,1933.11,2025-04-02 20:45:00,1870.06,28.7953,-1815.54,-3.36,54.76,-1870.30,0.50,StopLoss,0.80
53,TRENDING,TrendFollow,SHORT,2025-04-03 14:15:00,1764.10,2025-04-03 19:00:00,1787.58,32.5319,-763.85,-1.43,57.77,-821.62,4.75,StopLoss,1.00
54,TRENDING,TrendFollow,SHORT,2025-04-03 12:30:00,1787.76,2025-04-03 19:15:00,1789.90,30.1299,-38.69,-0.15,43.11,-81.80,6.75,StopLoss,0.60
55,TRENDING,TrendFollow,SHORT,2025-04-07 06:30:00,1507.51,2025-04-07 12:30:00,1516.79,18.9239,-105.37,-0.45,22.88,-128.24,6.00,StopLoss,0.80
56,TRENDING,TrendFollow,SHORT,2025-04-08 15:00:00,1530.34,2025-04-08 17:00:00,1486.00,31.8290,846.78,1.66,38.54,808.24,2.00,RSI_Extreme,1.00
57,TRENDING,TrendFollow,SHORT,2025-04-15 23:00:00,1590.23,2025-04-16 14:45:00,1594.22,36.6743,-87.80,-0.23,46.70,-134.50,15.75,StopLoss,0.60
58,TRENDING,TrendFollow,SHORT,2025-04-15 23:45:00,1588.06,2025-04-16 14:45:00,1594.22,34.8973,-128.98,-0.31,44.40,-173.38,15.00,StopLoss,0.60
59,TRENDING,TrendFollow,SHORT,2025-04-16 18:00:00,1545.02,2025-04-17 02:00:00,1588.66,24.3115,-1060.95,-2.93,38.09,-1099.04,8.00,StopLoss,0.80
60,TRENDING,TrendFollow,LONG,2025-04-21 14:45:00,1631.89,2025-04-21 17:00:00,1588.88,55.9006,-2404.28,-2.73,90.02,-2494.31,2.25,StopLoss,1.00
61,TRENDING,TrendFollow,SHORT,2025-04-30 13:30:00,1771.50,2025-04-30 17:45:00,1777.81,50.9416,-192.86,-0.29,72.29,-265.16,4.25,StopLoss,1.00
62,TRENDING,TrendFollow,LONG,2025-05-01 15:15:00,1869.91,2025-05-01 23:15:00,1835.21,42.1930,-1464.10,-1.95,78.16,-1542.26,8.00,StopLoss,1.00
63,TRENDING,TrendFollow,LONG,2025-05-02 14:45:00,1841.64,2025-05-02 19:45:00,1839.14,59.1269,-73.91,-0.14,81.63,-155.54,5.00,StopLoss,1.00
64,TRENDING,TrendFollow,LONG,2025-05-02 16:15:00,1860.91,2025-05-02 20:00:00,1838.78,46.4842,-1028.70,-1.29,85.99,-1114.68,3.75,FridayClose,1.00
65,TRENDING,TrendFollow,SHORT,2025-05-05 01:45:00,1790.95,2025-05-05 06:00:00,1815.72,33.6899,-834.50,-1.48,60.75,-895.25,4.25,StopLoss,0.60
66,TRENDING,TrendFollow,SHORT,2025-05-05 02:15:00,1791.71,2025-05-05 06:00:00,1815.72,33.7039,-809.23,-1.44,60.79,-870.02,3.75,StopLoss,0.60
67,TRENDING,TrendFollow,SHORT,2025-05-05 13:45:00,1798.25,2025-05-05 17:00:00,1807.21,63.4278,-568.31,-0.60,114.34,-682.66,3.25,StopLoss,1.00
68,TRENDING,TrendFollow,SHORT,2025-05-06 11:45:00,1774.20,2025-05-06 18:30:00,1776.19,39.6522,-47.34,-0.15,56.30,-103.65,6.75,StopLoss,0.60
69,TRENDING,TrendFollow,SHORT,2025-05-06 11:30:00,1781.59,2025-05-06 19:00:00,1789.04,43.2935,-193.52,-0.33,61.80,-255.32,7.50,StopLoss,0.60
70,TRENDING,TrendFollow,LONG,2025-05-08 02:30:00,1839.49,2025-05-08 04:00:00,1900.50,30.5058,604.88,1.01,37.48,567.40,1.50,TP3,0.60
71,TRENDING,TrendFollow,LONG,2025-05-08 02:45:00,1839.82,2025-05-08 04:00:00,1900.50,30.4489,600.48,1.01,37.41,563.07,1.25,TP3,0.60
72,TRENDING,TrendFollow,LONG,2025-05-08 07:45:00,1931.44,2025-05-08 09:30:00,1940.27,41.5152,366.58,0.36,80.37,286.21,1.75,RSI_Extreme,0.80
73,TRENDING,TrendFollow,LONG,2025-05-13 16:15:00,2587.00,2025-05-13 17:45:00,2606.71,22.2117,437.79,0.66,57.68,380.11,1.50,RSI_Extreme,1.00
74,TRENDING,TrendFollow,SHORT,2025-05-19 05:00:00,2364.88,2025-05-19 09:15:00,2400.12,14.4148,-507.98,-1.59,34.34,-542.32,4.25,StopLoss,0.60
75,TRENDING,TrendFollow,LONG,2025-05-22 04:00:00,2628.60,2025-05-23 00:00:00,2663.72,13.5654,238.21,0.59,26.86,211.35,20.00,StaleTimeout,0.60
76,TRENDING,TrendFollow,LONG,2025-05-23 02:15:00,2701.63,2025-05-23 07:00:00,2656.16,18.0693,-821.61,-1.78,48.41,-870.02,4.75,StopLoss,0.60
77,TRENDING,TrendFollow,LONG,2025-05-27 07:45:00,2598.31,2025-05-27 14:30:00,2650.57,25.8082,438.34,0.59,44.64,393.69,6.75,TrailingStop,0.80
78,TRENDING,TrendFollow,LONG,2025-05-27 08:00:00,2606.95,2025-05-27 18:45:00,2680.58,30.4989,729.83,0.85,53.04,676.79,10.75,TrailingStop,1.00
79,RANGING,MeanReversion,LONG,2025-05-30 09:30:00,2613.58,2025-05-30 16:45:00,2551.21,28.6324,-1785.80,-2.49,73.94,-1859.74,7.25,StopLoss,1.00
80,TRENDING,TrendFollow,SHORT,2025-05-30 14:00:00,2575.54,2025-05-30 20:00:00,2573.30,29.7818,66.71,-0.01,76.67,-9.96,6.00,FridayClose,1.00
81,TRENDING,TrendFollow,SHORT,2025-05-30 16:45:00,2551.21,2025-05-30 20:00:00,2573.30,26.3761,-582.65,-0.97,67.58,-650.23,3.25,FridayClose,1.00
82,TRENDING,TrendFollow,SHORT,2025-06-05 19:30:00,2539.00,2025-06-05 21:00:00,2397.53,21.9289,1302.96,2.27,38.88,1264.08,1.50,TP3,0.80
83,TRENDING,TrendFollow,SHORT,2025-06-05 20:15:00,2505.57,2025-06-05 21:15:00,2409.84,19.7856,795.51,1.53,34.80,760.71,1.00,RSI_Extreme,0.80
84,TRENDING,TrendFollow,LONG,2025-06-09 16:30:00,2566.34,2025-06-09 22:30:00,2660.06,38.0331,1158.45,1.12,65.24,1093.21,6.00,TP3,1.00
85,TRENDING,TrendFollow,LONG,2025-06-10 22:15:00,2803.20,2025-06-11 03:45:00,2793.74,13.7814,-130.37,-0.44,38.57,-168.94,5.50,StopLoss,0.60
86,TRENDING,TrendFollow,LONG,2025-06-11 15:45:00,2865.48,2025-06-11 21:45:00,2796.14,21.1681,-1467.80,-2.52,59.92,-1527.72,6.00,StopLoss,1.00
87,TRENDING,TrendFollow,LONG,2025-06-11 14:30:00,2842.33,2025-06-11 22:00:00,2781.00,26.0954,-1600.43,-2.26,73.37,-1673.80,7.50,StopLoss,1.00
88,TRENDING,TrendFollow,SHORT,2025-06-13 00:15:00,2566.55,2025-06-13 03:15:00,2492.34,12.6412,394.00,1.14,22.84,371.16,3.00,TrailingStop,0.60
89,TRENDING,TrendFollow,SHORT,2025-06-17 15:30:00,2495.06,2025-06-17 17:00:00,2460.25,30.6076,1065.45,1.30,75.84,989.62,1.50,RSI_Extreme,1.00
90,TRENDING,TrendFollow,SHORT,2025-06-17 15:45:00,2499.62,2025-06-17 17:45:00,2469.99,28.5670,507.86,0.63,56.87,450.99,2.00,RSI_Extreme,1.00
91,TRENDING,TrendFollow,SHORT,2025-06-18 13:15:00,2481.96,2025-06-18 14:15:00,2528.93,42.4144,-1992.20,-1.99,106.27,-2098.47,1.00,StopLoss,1.00
92,TRENDING,TrendFollow,SHORT,2025-06-19 17:00:00,2487.02,2025-06-19 17:45:00,2515.46,39.7472,-1130.41,-1.24,99.42,-1229.83,0.75,StopLoss,0.80
93,TRENDING,TrendFollow,SHORT,2025-06-19 16:00:00,2491.89,2025-06-19 22:15:00,2515.59,51.8614,-1229.11,-1.05,129.85,-1358.96,6.25,StopLoss,1.00
94,TRENDING,TrendFollow,LONG,2025-06-30 19:30:00,2508.65,2025-07-01 03:45:00,2482.51,28.8503,-754.15,-1.14,72.00,-826.14,8.25,StopLoss,0.80
95,TRENDING,TrendFollow,SHORT,2025-07-01 15:00:00,2418.54,2025-07-02 03:15:00,2423.41,37.1163,-108.45,-0.20,71.87,-180.32,12.25,StopLoss,1.00
96,TRENDING,TrendFollow,SHORT,2025-07-01 14:45:00,2415.85,2025-07-02 10:45:00,2451.05,39.0669,-1375.16,-1.56,95.07,-1470.22,20.00,StopLoss,1.00
97,RANGING,MeanReversion,LONG,2025-07-04 13:30:00,2535.08,2025-07-04 15:15:00,2506.14,54.1637,-1567.50,-1.24,136.53,-1704.02,1.75,StopLoss,1.00
98,TRENDING,TrendFollow,LONG,2025-07-08 14:00:00,2586.88,2025-07-08 15:30:00,2558.48,54.8222,-1556.95,-1.20,141.04,-1697.99,1.50,StopLoss,1.00
99,TRENDING,TrendFollow,LONG,2025-07-09 12:15:00,2651.80,2025-07-09 12:45:00,2660.46,31.3061,271.11,0.23,83.15,187.96,0.50,RSI_Extreme,0.60
100,TRENDING,TrendFollow,LONG,2025-07-10 17:15:00,2818.00,2025-07-10 22:00:00,2971.70,20.2544,1011.76,1.71,38.32,973.44,4.75,TP3,0.80
101,TRENDING,TrendFollow,LONG,2025-07-10 21:30:00,2905.18,2025-07-10 22:00:00,2971.70,13.9286,463.26,1.07,30.58,432.68,0.50,RSI_Extreme,0.60
102,TRENDING,TrendFollow,LONG,2025-07-14 03:00:00,2999.55,2025-07-14 04:45:00,3050.26,21.0839,534.58,0.77,47.70,486.88,1.75,RSI_Extreme,0.60
103,TRENDING,TrendFollow,LONG,2025-07-14 03:30:00,3015.61,2025-07-14 04:45:00,3050.26,20.4559,354.40,0.50,46.44,307.96,1.25,RSI_Extreme,0.60
104,TRENDING,TrendFollow,LONG,2025-07-14 11:15:00,3073.34,2025-07-14 15:15:00,3017.90,15.5595,-862.62,-1.90,47.39,-910.01,4.00,StopLoss,0.60
105,TRENDING,TrendFollow,LONG,2025-07-15 16:00:00,3039.00,2025-07-15 23:30:00,3129.33,16.0224,723.65,1.41,36.88,686.77,7.50,RSI_Extreme,1.00
106,TRENDING,TrendFollow,LONG,2025-07-18 01:45:00,3604.01,2025-07-18 19:30:00,3575.12,9.2727,-267.89,-0.90,33.29,-301.17,17.75,StopLoss,0.60
107,RANGING,MeanReversion,SHORT,2025-07-22 23:45:00,3743.80,2025-07-23 02:00:00,3738.01,17.6275,25.52,-0.02,41.23,-15.72,2.25,TrailingStop,0.60
108,TRENDING,TrendFollow,SHORT,2025-07-23 09:30:00,3655.01,2025-07-23 14:30:00,3619.02,29.3395,443.49,0.34,75.92,367.57,5.00,TrailingStop,1.00
109,TRENDING,TrendFollow,SHORT,2025-07-23 09:45:00,3659.87,2025-07-23 14:30:00,3619.02,28.5690,490.16,0.40,73.99,416.17,4.75,TrailingStop,1.00
110,TRENDING,TrendFollow,SHORT,2025-07-23 17:30:00,3567.28,2025-07-23 21:45:00,3580.00,14.6965,-186.94,-0.46,52.52,-239.46,4.25,StopLoss,0.80
111,TRENDING,TrendFollow,SHORT,2025-07-24 05:30:00,3578.30,2025-07-24 08:00:00,3589.94,16.5382,-115.50,-0.28,47.40,-162.90,2.50,StopLoss,0.60
112,TRENDING,TrendFollow,SHORT,2025-07-24 06:00:00,3555.02,2025-07-24 08:15:00,3635.75,19.6367,-1585.27,-2.37,70.60,-1655.88,2.25,StopLoss,0.80
113,TRENDING,TrendFollow,SHORT,2025-07-30 11:30:00,3753.03,2025-07-30 15:00:00,3817.75,15.6894,-1015.42,-1.83,59.39,-1074.81,3.50,StopLoss,0.60
114,TRENDING,TrendFollow,SHORT,2025-07-30 11:00:00,3771.82,2025-07-30 20:15:00,3780.75,16.1827,-86.71,-0.22,48.87,-135.58,9.25,StopLoss,0.60
115,TRENDING,TrendFollow,SHORT,2025-07-30 19:00:00,3736.40,2025-07-30 23:45:00,3803.88,16.3615,-1104.08,-1.91,61.69,-1165.76,4.75,StopLoss,0.80
116,TRENDING,TrendFollow,SHORT,2025-08-01 08:15:00,3612.01,2025-08-01 16:15:00,3627.75,20.9609,-329.92,-0.54,75.88,-405.80,8.00,StopLoss,1.00
117,TRENDING,TrendFollow,LONG,2025-08-07 20:00:00,3865.48,2025-08-08 04:15:00,3921.55,20.7134,377.46,0.40,53.23,324.22,8.25,TrailingStop,0.80
118,TRENDING,TrendFollow,LONG,2025-08-07 21:00:00,3872.39,2025-08-08 04:15:00,3921.55,18.2440,291.48,0.35,46.95,244.53,7.25,TrailingStop,0.60
119,TRENDING,TrendFollow,LONG,2025-08-08 17:45:00,4018.42,2025-08-08 19:15:00,4048.23,15.3266,456.89,0.64,61.82,395.07,1.50,RSI_Extreme,0.80
120,TRENDING,TrendFollow,LONG,2025-08-11 04:15:00,4337.01,2025-08-11 10:15:00,4255.16,11.4121,-934.08,-1.99,49.03,-983.10,6.00,StopLoss,0.60
121,TRENDING,TrendFollow,LONG,2025-08-12 02:45:00,4301.77,2025-08-12 09:45:00,4290.68,14.0230,-155.51,-0.36,60.25,-215.76,7.00,StopLoss,0.60
122,TRENDING,TrendFollow,SHORT,2025-08-18 07:00:00,4251.57,2025-08-18 13:00:00,4341.62,13.1060,-1180.20,-2.22,56.31,-1236.51,6.00,StopLoss,0.80
123,TRENDING,TrendFollow,SHORT,2025-08-19 03:15:00,4270.90,2025-08-19 04:30:00,4203.98,11.5419,463.43,0.86,39.20,424.23,1.25,RSI_Extreme,0.60
124,TRENDING,TrendFollow,SHORT,2025-08-19 03:30:00,4254.30,2025-08-19 04:30:00,4203.98,11.0851,557.80,1.08,46.88,510.92,1.00,RSI_Extreme,0.60
125,RANGING,MeanReversion,SHORT,2025-08-19 09:45:00,4280.57,2025-08-19 15:30:00,4224.30,18.4437,259.46,0.27,49.21,210.24,5.75,TrailingStop,1.00
126,TRENDING,TrendFollow,SHORT,2025-08-19 14:45:00,4200.00,2025-08-20 00:45:00,4109.95,16.4621,622.61,0.83,48.78,573.84,10.00,TrailingStop,1.00
127,TRENDING,TrendFollow,SHORT,2025-08-20 01:45:00,4074.74,2025-08-20 03:30:00,4149.42,11.4683,-856.45,-1.93,47.16,-903.61,1.75,StopLoss,0.60
128,TRENDING,TrendFollow,SHORT,2025-08-19 16:45:00,4166.11,2025-08-20 05:00:00,4168.11,13.2068,-15.85,-0.11,44.02,-59.87,12.25,StopLoss,1.00
129,TRENDING,TrendFollow,LONG,2025-08-22 06:30:00,4309.12,2025-08-22 10:45:00,4296.68,22.5060,-139.99,-0.22,72.67,-212.65,4.25,StopLoss,0.80
130,TRENDING,TrendFollow,LONG,2025-08-22 07:30:00,4336.43,2025-08-22 11:15:00,4277.53,19.0615,-1122.72,-1.46,82.10,-1204.82,3.75,StopLoss,0.80
131,TRENDING,TrendFollow,SHORT,2025-08-28 20:00:00,4436.18,2025-08-29 00:00:00,4509.10,16.1682,-1178.99,-1.74,72.31,-1251.30,4.00,StopLoss,0.80
132,TRENDING,TrendFollow,SHORT,2025-08-29 14:15:00,4286.06,2025-08-29 20:00:00,4338.78,14.5357,-766.32,-1.33,62.68,-829.01,5.75,FridayClose,1.00
133,TRENDING,TrendFollow,SHORT,2025-08-29 15:00:00,4280.53,2025-08-29 20:00:00,4338.78,12.6832,-738.80,-1.46,54.66,-793.46,5.00,FridayClose,1.00
134,TRENDING,TrendFollow,SHORT,2025-09-01 13:45:00,4384.89,2025-09-01 17:45:00,4321.61,23.6412,897.61,0.79,82.48,815.13,4.00,RSI_Extreme,1.00
135,TRENDING,TrendFollow,SHORT,2025-09-01 14:00:00,4383.72,2025-09-01 17:45:00,4321.61,23.3673,870.81,0.77,81.51,789.29,3.75,RSI_Extreme,1.00
136,TRENDING,TrendFollow,SHORT,2025-09-01 21:00:00,4286.01,2025-09-01 23:15:00,4303.00,14.6121,-148.96,-0.32,50.18,-199.13,2.25,StopLoss,0.60
137,TRENDING,TrendFollow,SHORT,2025-09-01 20:45:00,4268.81,2025-09-02 01:45:00,4330.26,19.8744,-1221.28,-1.54,85.45,-1306.73,5.00,StopLoss,0.80
138,TRENDING,TrendFollow,LONG,2025-09-05 13:15:00,4457.32,2025-09-05 14:30:00,4320.89,21.2173,-2894.67,-3.16,93.12,-2987.80,1.25,StopLoss,1.00
139,TRENDING,TrendFollow,LONG,2025-09-08 15:30:00,4379.40,2025-09-08 18:00:00,4309.27,21.8378,-1531.48,-1.70,94.87,-1626.35,2.50,StopLoss,1.00
140,TRENDING,TrendFollow,SHORT,2025-09-10 01:00:00,4284.00,2025-09-10 02:30:00,4316.94,25.5424,-841.37,-0.87,109.84,-951.21,1.50,StopLoss,0.60
141,TRENDING,TrendFollow,LONG,2025-09-11 01:15:00,4377.98,2025-09-11 08:30:00,4427.46,23.6430,380.20,0.30,68.76,311.44,7.25,TrailingStop,0.60
142,TRENDING,TrendFollow,LONG,2025-09-11 01:30:00,4369.36,2025-09-11 08:30:00,4427.46,22.9092,432.58,0.37,66.53,366.05,7.00,TrailingStop,0.60
143,TRENDING,TrendFollow,LONG,2025-09-12 17:30:00,4587.99,2025-09-12 18:45:00,4613.04,16.8459,421.99,0.45,77.50,344.49,1.25,RSI_Extreme,0.80
144,TRENDING,TrendFollow,LONG,2025-09-12 17:45:00,4615.99,2025-09-12 18:45:00,4613.04,16.8024,-49.57,-0.16,77.54,-127.10,1.00,RSI_Extreme,0.80
145,TRENDING,TrendFollow,SHORT,2025-09-15 15:45:00,4478.11,2025-09-15 20:45:00,4508.82,18.8568,-579.09,-0.79,84.73,-663.82,5.00,StopLoss,1.00
146,RANGING,MeanReversion,SHORT,2025-09-15 22:15:00,4519.42,2025-09-16 01:15:00,4523.59,15.6847,-32.70,-0.12,53.18,-85.88,3.00,StopLoss,0.60
147,RANGING,MeanReversion,SHORT,2025-09-15 23:15:00,4517.10,2025-09-16 01:15:00,4523.59,20.0870,-65.18,-0.15,68.08,-133.27,2.00,StopLoss,0.60
148,TRENDING,TrendFollow,SHORT,2025-09-16 14:00:00,4471.49,2025-09-16 17:15:00,4489.28,28.3727,-302.85,-0.32,101.65,-404.50,3.25,StopLoss,1.00
149,TRENDING,TrendFollow,SHORT,2025-09-16 14:15:00,4432.50,2025-09-16 17:15:00,4489.28,24.1775,-1372.80,-1.38,107.85,-1480.65,3.00,StopLoss,1.00
150,TRENDING,TrendFollow,SHORT,2025-09-17 18:00:00,4426.00,2025-09-17 18:30:00,4495.28,16.0952,-1115.07,-1.67,71.79,-1186.87,0.50,StopLoss,0.80
151,TRENDING,TrendFollow,SHORT,2025-09-17 18:15:00,4455.08,2025-09-17 22:15:00,4546.08,12.4099,-1129.30,-2.14,55.85,-1185.15,4.00,StopLoss,0.80
152,TRENDING,TrendFollow,SHORT,2025-09-17 18:45:00,4440.19,2025-09-17 22:15:00,4546.08,9.9319,-1051.68,-2.49,44.63,-1096.31,3.50,StopLoss,0.80
153,TRENDING,TrendFollow,SHORT,2025-09-22 00:30:00,4425.29,2025-09-22 01:15:00,4339.81,18.9600,680.69,0.74,59.23,621.46,0.75,RSI_Extreme,0.60
154,TRENDING,TrendFollow,SHORT,2025-09-23 03:15:00,4135.96,2025-09-23 05:45:00,4188.20,14.6116,-763.31,-1.36,60.81,-824.13,2.50,StopLoss,0.60
155,TRENDING,TrendFollow,SHORT,2025-09-23 03:00:00,4141.98,2025-09-23 06:15:00,4192.66,16.0251,-812.15,-1.32,66.78,-878.93,3.25,StopLoss,0.60
156,RANGING,MeanReversion,SHORT,2025-09-23 08:15:00,4204.90,2025-09-23 12:45:00,4196.16,25.9676,56.74,-0.01,68.22,-11.48,4.50,TrailingStop,1.00
157,RANGING,MeanReversion,SHORT,2025-09-23 08:30:00,4208.29,2025-09-23 12:45:00,4196.16,26.2308,79.54,0.01,68.95,10.59,4.25,TrailingStop,1.00
158,TRENDING,TrendFollow,SHORT,2025-09-25 01:00:00,4126.73,2025-09-25 05:00:00,4000.18,17.1574,911.93,1.22,49.81,862.12,4.00,TP3,0.60
159,TRENDING,TrendFollow,SHORT,2025-09-25 01:15:00,4123.00,2025-09-25 05:00:00,4000.18,16.3106,841.37,1.18,47.33,794.05,3.75,TP3,0.60
160,TRENDING,TrendFollow,SHORT,2025-09-25 13:15:00,3974.16,2025-09-25 18:00:00,3837.05,16.5753,954.51,1.38,46.29,908.22,4.75,RSI_Extreme,1.00
161,TRENDING,TrendFollow,SHORT,2025-09-25 05:00:00,4000.18,2025-09-25 18:30:00,3880.64,7.3813,370.59,1.18,20.78,349.81,13.50,TrailingStop,0.60
162,TRENDING,TrendFollow,LONG,2025-09-29 09:30:00,4133.08,2025-09-29 11:15:00,4093.28,36.2138,-1441.31,-1.06,148.95,-1590.26,1.75,StopLoss,1.00
163,TRENDING,TrendFollow,LONG,2025-09-29 20:00:00,4185.94,2025-09-30 05:15:00,4184.05,24.1855,-22.86,-0.10,75.92,-98.77,9.25,StopLoss,0.80
164,TRENDING,TrendFollow,LONG,2025-10-02 02:00:00,4390.86,2025-10-02 09:15:00,4383.20,14.5340,-111.33,-0.27,63.76,-175.09,7.25,StopLoss,0.60
165,TRENDING,TrendFollow,LONG,2025-10-03 03:15:00,4529.67,2025-10-03 05:45:00,4472.45,14.5103,-830.28,-1.36,65.31,-895.59,2.50,StopLoss,0.60
166,TRENDING,TrendFollow,LONG,2025-10-06 12:30:00,4583.00,2025-10-06 15:00:00,4637.13,18.9305,333.03,0.32,57.64,275.39,2.50,TrailingStop,0.60
167,TRENDING,TrendFollow,LONG,2025-10-06 17:30:00,4707.85,2025-10-06 23:45:00,4693.29,14.4377,-210.21,-0.41,67.87,-278.08,6.25,StopLoss,0.80
168,TRENDING,TrendFollow,LONG,2025-10-07 05:45:00,4722.00,2025-10-07 06:30:00,4675.02,19.4592,-914.19,-1.09,91.43,-1005.62,0.75,StopLoss,0.60
169,TRENDING,TrendFollow,SHORT,2025-10-08 05:30:00,4432.51,2025-10-08 08:45:00,4491.89,13.6341,-809.59,-1.44,60.84,-870.43,3.25,StopLoss,0.60
170,TRENDING,TrendFollow,SHORT,2025-10-09 15:45:00,4293.50,2025-10-09 22:45:00,4376.98,15.2264,-1271.10,-2.05,66.01,-1337.11,7.00,StopLoss,1.00
171,TRENDING,TrendFollow,SHORT,2025-10-09 14:45:00,4317.03,2025-10-10 01:30:00,4390.56,17.2920,-1271.48,-1.80,75.29,-1346.77,10.75,StopLoss,1.00
172,TRENDING,TrendFollow,SHORT,2025-10-10 15:15:00,4255.56,2025-10-10 16:00:00,4100.48,18.0662,1176.71,1.46,54.00,1122.72,0.75,RSI_Extreme,1.00
173,TRENDING,TrendFollow,SHORT,2025-10-29 16:00:00,3950.23,2025-10-29 18:00:00,4012.63,21.7779,-1358.94,-1.68,86.71,-1445.65,2.00,StopLoss,1.00
174,TRENDING,TrendFollow,SHORT,2025-10-29 18:45:00,3861.09,2025-10-30 14:00:00,3764.66,9.9099,573.37,1.42,30.32,543.05,19.25,RSI_Extreme,0.80
175,TRENDING,TrendFollow,SHORT,2025-10-29 23:45:00,3890.01,2025-10-30 14:00:00,3764.66,12.4842,657.26,1.28,34.15,623.11,14.25,RSI_Extreme,0.60
176,TRENDING,TrendFollow,SHORT,2025-11-03 02:30:00,3811.92,2025-11-03 03:30:00,3750.42,13.2081,487.38,0.89,40.03,447.34,1.00,RSI_Extreme,0.60
177,TRENDING,TrendFollow,SHORT,2025-11-03 02:15:00,3832.38,2025-11-03 03:45:00,3751.05,13.9438,476.30,0.82,37.70,438.60,1.50,RSI_Extreme,0.60
178,TRENDING,TrendFollow,SHORT,2025-11-03 16:15:00,3605.90,2025-11-04 06:00:00,3490.30,14.6384,1015.32,1.84,41.72,973.60,13.75,RSI_Extreme,1.00
179,TRENDING,TrendFollow,SHORT,2025-11-04 06:15:00,3520.00,2025-11-04 15:45:00,3548.76,14.9157,-428.97,-0.92,52.72,-481.69,9.50,StopLoss,0.80
180,TRENDING,TrendFollow,SHORT,2025-11-06 16:00:00,3300.01,2025-11-06 22:00:00,3324.60,15.5151,-381.52,-0.85,51.39,-432.91,6.00,StopLoss,1.00
181,TRENDING,TrendFollow,LONG,2025-11-10 01:00:00,3634.14,2025-11-10 12:30:00,3591.25,11.7184,-502.60,-1.28,42.33,-544.94,11.50,StopLoss,0.60
182,TRENDING,TrendFollow,LONG,2025-11-10 01:15:00,3637.48,2025-11-10 12:30:00,3591.25,10.8146,-499.96,-1.37,39.09,-539.05,11.25,StopLoss,0.60
183,TRENDING,TrendFollow,LONG,2025-11-11 02:45:00,3628.91,2025-11-11 05:45:00,3546.28,10.0776,-832.71,-2.38,36.15,-868.87,3.00,StopLoss,0.60
184,RANGING,MeanReversion,SHORT,2025-11-12 06:30:00,3450.91,2025-11-12 07:15:00,3446.17,29.6522,35.14,-0.03,63.94,-28.80,0.75,TrailingStop,0.80
185,TRENDING,TrendFollow,SHORT,2025-11-13 15:45:00,3390.24,2025-11-13 18:30:00,3238.55,14.3186,912.23,1.81,34.01,878.22,2.75,RSI_Extreme,1.00
186,TRENDING,TrendFollow,SHORT,2025-11-13 16:00:00,3385.52,2025-11-13 18:30:00,3238.55,13.8008,851.89,1.75,32.75,819.14,2.50,RSI_Extreme,1.00
187,TRENDING,TrendFollow,SHORT,2025-11-14 13:45:00,3087.00,2025-11-14 14:45:00,3199.88,14.2687,-1610.65,-3.76,44.85,-1655.51,1.00,StopLoss,1.00
188,TRENDING,TrendFollow,SHORT,2025-11-17 19:45:00,2987.93,2025-11-18 00:45:00,2997.66,11.4755,-111.66,-0.43,34.34,-146.00,5.00,StopLoss,0.80
189,TRENDING,TrendFollow,SHORT,2025-11-17 16:30:00,3090.72,2025-11-18 12:30:00,3045.65,10.9431,295.92,0.80,26.91,269.01,20.00,StaleTimeout,1.00
190,TRENDING,TrendFollow,SHORT,2025-11-19 15:30:00,3033.32,2025-11-19 18:45:00,2882.37,16.7172,1059.85,2.02,35.47,1024.38,3.25,RSI_Extreme,1.00
191,TRENDING,TrendFollow,SHORT,2025-11-19 15:45:00,3001.88,2025-11-19 20:30:00,2917.99,15.5758,548.79,1.10,32.92,515.87,4.75,TrailingStop,1.00
192,TRENDING,TrendFollow,SHORT,2025-11-20 16:15:00,2897.50,2025-11-20 22:30:00,2900.26,13.2089,-21.87,-0.14,30.63,-52.50,6.25,StopLoss,1.00
193,TRENDING,TrendFollow,SHORT,2025-11-20 16:30:00,2888.82,2025-11-21 11:15:00,2719.87,12.7112,901.97,2.39,25.62,876.35,18.75,TrailingStop,1.00
194,TRENDING,TrendFollow,LONG,2025-11-24 16:00:00,2845.16,2025-11-24 18:15:00,2945.63,21.6205,705.97,1.08,41.11,664.86,2.25,RSI_Extreme,1.00
195,TRENDING,TrendFollow,LONG,2025-11-26 01:45:00,2975.71,2025-11-26 04:15:00,2922.00,16.2228,-871.33,-1.90,47.84,-919.17,2.50,StopLoss,0.60
196,TRENDING,TrendFollow,LONG,2025-11-26 17:45:00,3013.29,2025-11-26 18:30:00,3037.22,16.4016,392.49,0.69,49.62,342.87,0.75,RSI_Extreme,0.80
197,TRENDING,TrendFollow,LONG,2025-11-28 14:00:00,3072.56,2025-11-28 16:30:00,3027.86,34.5520,-1544.47,-1.55,105.39,-1649.86,2.50,StopLoss,1.00
198,TRENDING,TrendFollow,LONG,2025-11-28 14:30:00,3090.98,2025-11-28 16:30:00,3027.86,31.3587,-1979.36,-2.14,95.94,-2075.30,2.00,StopLoss,1.00
199,TRENDING,TrendFollow,SHORT,2025-12-01 13:45:00,2808.99,2025-12-01 16:15:00,2725.26,37.8914,1332.51,1.18,74.90,1257.61,2.50,TP3,1.00
200,TRENDING,TrendFollow,SHORT,2025-12-01 14:45:00,2811.12,2025-12-01 18:15:00,2753.51,29.9899,725.64,0.79,59.49,666.15,3.50,TrailingStop,1.00
201,TRENDING,TrendFollow,LONG,2025-12-03 05:15:00,3055.00,2025-12-03 06:30:00,3082.13,19.4961,528.93,0.79,59.83,469.10,1.25,RSI_Extreme,0.60
202,TRENDING,TrendFollow,LONG,2025-12-03 04:30:00,3044.24,2025-12-03 15:00:00,3074.79,20.3574,202.12,0.26,41.16,160.97,10.50,TrailingStop,0.60
203,TRENDING,TrendFollow,LONG,2025-12-03 14:45:00,3130.27,2025-12-03 15:15:00,3065.81,22.4157,-1444.92,-2.16,69.44,-1514.36,0.50,StopLoss,1.00
204,TRENDING,TrendFollow,LONG,2025-12-03 22:15:00,3165.60,2025-12-03 23:00:00,3188.42,15.3973,351.37,0.62,48.92,302.45,0.75,RSI_Extreme,0.60
205,TRENDING,TrendFollow,LONG,2025-12-08 01:30:00,3103.14,2025-12-08 15:45:00,3090.97,11.4893,-69.91,-0.27,26.70,-96.62,14.25,StopLoss,0.60
206,TRENDING,TrendFollow,LONG,2025-12-08 01:45:00,3115.51,2025-12-08 15:45:00,3090.97,12.6583,-310.64,-0.89,39.28,-349.92,14.00,StopLoss,0.60
207,TRENDING,TrendFollow,LONG,2025-12-10 20:15:00,3440.74,2025-12-10 22:15:00,3334.22,10.6013,-1129.25,-3.19,35.91,-1165.16,2.00,StopLoss,0.80
208,TRENDING,TrendFollow,SHORT,2025-12-16 04:45:00,2910.00,2025-12-16 11:30:00,2957.00,18.5386,-871.31,-1.72,54.38,-925.70,6.75,StopLoss,0.60
209,TRENDING,TrendFollow,SHORT,2025-12-16 04:30:00,2919.74,2025-12-16 17:15:00,2949.83,18.2173,-548.16,-1.13,53.46,-601.62,12.75,StopLoss,0.60
210,TRENDING,TrendFollow,SHORT,2025-12-16 14:00:00,2909.08,2025-12-16 17:15:00,2949.83,25.0451,-1020.59,-1.50,73.37,-1093.96,3.25,StopLoss,1.00
211,TRENDING,TrendFollow,SHORT,2025-12-17 16:30:00,2847.04,2025-12-17 18:45:00,2824.43,12.8632,290.84,0.69,36.48,254.36,2.25,RSI_Extreme,1.00
212,TRENDING,TrendFollow,SHORT,2025-12-17 16:45:00,2845.51,2025-12-17 18:45:00,2824.43,12.5311,264.16,0.64,35.53,228.63,2.00,RSI_Extreme,1.00
213,TRENDING,TrendFollow,SHORT,2025-12-25 10:15:00,2918.17,2025-12-25 15:15:00,2935.39,80.4557,-1385.45,-0.69,235.48,-1620.92,5.00,StopLoss,1.00
214,TRENDING,TrendFollow,SHORT,2025-12-25 10:30:00,2919.92,2025-12-25 15:30:00,2948.79,75.0758,-2167.44,-1.09,220.30,-2387.74,5.00,StopLoss,1.00
215,TRENDING,TrendFollow,LONG,2025-12-31 11:45:00,2998.63,2025-12-31 14:45:00,2997.03,45.6381,-36.51,-0.10,102.62,-139.13,3.00,StopLoss,0.60
216,TRENDING,TrendFollow,LONG,2025-12-31 14:15:00,3014.11,2025-12-31 15:15:00,2978.51,48.7345,-1734.95,-1.28,146.02,-1880.97,1.00,StopLoss,1.00
