Direction,Entry_Time,Exit_Time,Entry_Price,Exit_Price,Size,PnL,Commission,Net_PnL,Exit_Reason,Duration
SHORT,2025-01-07 11:45:00,2025-01-07 12:30:00,3636.67,3626.61,31.072788005904812,312.5922473394007,112.84517983376415,199.74706750563658,RSI_Extreme,3
SHORT,2025-01-08 06:45:00,2025-01-08 07:45:00,3327.59,3341.127,6.027773992764001,-81.59797654004511,20.098759448851585,-101.69673598889669,Stop_Loss,4
SHORT,2025-01-09 07:30:00,2025-01-09 08:15:00,3294.31,3276.447142857143,4.845513594777832,86.55471712728855,15.919346531848914,70.63537059543964,TP1,3
SHORT,2025-01-09 07:30:00,2025-01-09 08:15:00,3294.31,3276.0,4.845513594777832,88.72135392038183,15.918263213452367,72.80309070692947,RSI_Extreme,3
SHORT,2025-01-10 14:00:00,2025-01-10 14:15:00,3243.15,3255.9645,15.984219115563068,-204.82977585638218,51.94163511256656,-256.77141096894877,Stop_Loss,1
SHORT,2025-01-15 10:00:00,2025-01-15 10:15:00,3198.17,3206.919,22.824819709339106,-199.6943476370032,73.09750082363556,-272.7918484606388,Stop_Loss,1
SHORT,2025-01-16 08:30:00,2025-01-16 08:45:00,3357.7,3342.2971428571427,13.511304303546723,208.11269000120052,45.262850115018225,162.84983988618228,TP1,1
SHORT,2025-01-16 08:30:00,2025-01-16 09:00:00,3357.7,3333.4011428571425,13.511304303546723,328.3092530855547,45.20275183347606,283.10650125207866,Trailing_Stop,2
SHORT,2025-01-16 14:45:00,2025-01-16 15:30:00,3289.05,3305.5095,12.342880250952732,-203.1576374905557,40.697929108141366,-243.85556659869707,Stop_Loss,3
SHORT,2025-01-20 17:45:00,2025-01-20 18:00:00,3229.78,3266.1110000000003,5.457612676738351,-198.28052615858175,17.726028534155283,-216.00655469273704,Stop_Loss,1
SHORT,2025-01-22 14:00:00,2025-01-22 14:30:00,3283.32,3291.9365000000003,22.510345855593926,-193.96039506472704,74.00564895212102,-267.96604401684806,Stop_Loss,2
SHORT,2025-01-28 17:00:00,2025-01-28 17:15:00,3149.41,3164.138,12.805613401981887,-188.60107418439006,40.424427441427966,-229.02550162581804,Stop_Loss,1
SHORT,2025-01-29 13:15:00,2025-01-29 13:30:00,3109.53,3093.3364285714288,12.175503781386716,197.16489016272735,37.76151182825407,159.40337833447327,TP1,1
SHORT,2025-01-29 13:15:00,2025-01-29 13:45:00,3109.53,3093.927428571428,12.175503781386716,189.96916742793462,37.76510968962147,152.20405773831317,Trailing_Stop,2
SHORT,2025-01-29 19:15:00,2025-01-29 19:30:00,3088.88,3056.4757142857143,5.032474880923989,163.07375389142754,15.46317413324278,147.61057975818477,TP1,1
SHORT,2025-01-29 19:15:00,2025-01-29 19:45:00,3088.88,3065.8417142857143,5.032474880923989,115.93959415669352,15.486741213110147,100.45285294358337,Trailing_Stop,2
SHORT,2025-02-11 13:30:00,2025-02-11 14:00:00,2674.35,2657.5767857142855,12.469752892198528,209.15783735075283,33.24390472857576,175.91393262217707,TP1,2
SHORT,2025-02-11 13:30:00,2025-02-11 14:15:00,2674.35,2634.2292857142857,12.469752892198528,500.29539300135616,33.09833595075045,467.19705705060574,Trailing_Stop,3
SHORT,2025-02-11 23:00:00,2025-02-11 23:15:00,2584.89,2598.634,9.08365256057123,-124.84572079249226,23.542665527691213,-148.38838632018349,Stop_Loss,1
SHORT,2025-02-12 03:15:00,2025-02-12 03:30:00,2579.8,2590.36,7.769258848273403,-82.04337343776672,20.084155663494613,-102.12752910126133,Stop_Loss,1
SHORT,2025-02-18 00:30:00,2025-02-18 00:45:00,2718.65,2729.562,11.165646060065715,-121.83952980743493,30.416403426101375,-152.2559332335363,Stop_Loss,1
SHORT,2025-02-18 04:30:00,2025-02-18 04:45:00,2695.59,2704.0625,9.443293684165207,-80.00830573908834,25.495252174968435,-105.50355791405678,Stop_Loss,1
SHORT,2025-02-21 16:00:00,2025-02-21 16:15:00,2722.25,2745.677,8.447974268555026,-197.9106931894397,23.096453299168637,-221.00714648860836,Stop_Loss,1
SHORT,2025-02-24 08:30:00,2025-02-24 08:45:00,2680.65,2689.64,21.522864322544187,-193.49055025966754,57.792011521357914,-251.28256178102546,Stop_Loss,1
SHORT,2025-02-24 22:15:00,2025-02-24 22:30:00,2564.38,2581.434,6.630640284650384,-113.07893941442822,17.060020802858965,-130.13896021728718,Stop_Loss,1
SHORT,2025-02-26 08:15:00,2025-02-26 09:30:00,2466.52,2475.29,21.192944107149565,-185.8621198197013,52.3657515590764,-238.2278713787777,Stop_Loss,5
SHORT,2025-03-03 06:45:00,2025-03-03 07:00:00,2387.64,2366.110714285714,3.605007711597995,77.61324102519697,8.568653992007238,69.04458703318973,TP1,1
SHORT,2025-03-03 06:45:00,2025-03-03 07:15:00,2387.64,2367.3217142857143,3.605007711597995,73.24757668645094,8.57083682417661,64.67673986227433,Trailing_Stop,2
SHORT,2025-03-03 14:45:00,2025-03-03 15:00:00,2326.45,2298.457857142857,7.034065257981841,196.8985595678933,16.265951839647908,180.6326077282454,TP1,1
SHORT,2025-03-03 14:45:00,2025-03-03 15:15:00,2326.45,2277.036857142857,7.034065257981841,347.57527145912104,16.190613483702293,331.38465797541875,Trailing_Stop,2
SHORT,2025-03-03 18:30:00,2025-03-03 19:00:00,2211.05,2192.29,8.417477487677633,157.91187766883425,18.532507660295217,139.37937000853904,RSI_Extreme,2
SHORT,2025-03-04 13:30:00,2025-03-04 13:45:00,2058.65,2070.463,16.659605658535288,-196.79992164427904,34.39469714976582,-231.19461879404486,Stop_Loss,1
SHORT,2025-03-04 15:30:00,2025-03-04 15:45:00,2052.7,2077.3824999999997,7.785922385025788,-192.17602926839817,16.078250894376634,-208.2542801627748,Stop_Loss,1
SHORT,2025-03-06 13:00:00,2025-03-06 14:00:00,2266.61,2249.0632142857144,11.480182186306282,201.44029678407693,25.920375596911647,175.5199211871653,TP1,4
SHORT,2025-03-06 13:00:00,2025-03-06 14:00:00,2266.61,2245.29,11.480182186306282,244.7574842120518,25.898717003197657,218.85876720885415,RSI_Extreme,4
SHORT,2025-03-11 00:30:00,2025-03-11 01:00:00,1831.16,1797.7957142857144,3.7745379081515193,125.93476120696936,6.8488154552872516,119.0859457516821,TP1,2
SHORT,2025-03-11 00:30:00,2025-03-11 01:15:00,1831.16,1765.8457142857144,3.7745379081515193,246.53124737241058,6.788517212204532,239.74273016020604,Trailing_Stop,3
SHORT,2025-03-11 13:15:00,2025-03-11 13:30:00,1871.81,1882.2045,19.53678300556051,-203.0750909513008,36.670683343113865,-239.74577429441467,Stop_Loss,1
SHORT,2025-03-11 14:15:00,2025-03-11 14:45:00,1889.68,1848.559642857143,5.166371595544777,212.44304514151355,9.656567554098299,202.78647758741525,TP1,2
SHORT,2025-03-11 14:15:00,2025-03-11 15:00:00,1889.68,1855.8581428571429,5.166371595544777,174.73628205143063,9.67542093564334,165.0608611157873,Trailing_Stop,3
SHORT,2025-03-18 10:30:00,2025-03-18 10:45:00,1890.81,1896.0165,39.49623014298979,-205.63712223947655,74.78268547778626,-280.4198077172628,Stop_Loss,1
SHORT,2025-03-18 13:45:00,2025-03-18 14:15:00,1876.76,1882.4935,34.88771711609481,-200.02872608513132,65.57588633784466,-265.604612422976,Stop_Loss,2
SHORT,2025-03-25 01:45:00,2025-03-25 03:30:00,2065.06,2051.968214285714,9.561337286357524,125.17497889500392,19.682147687117965,105.49283120788596,TP1,7
SHORT,2025-03-25 01:45:00,2025-03-25 03:45:00,2065.06,2050.4167142857145,9.561337286357524,140.00939369478357,19.67473047971808,120.33466321506549,Trailing_Stop,8
SHORT,2025-03-26 03:00:00,2025-03-26 03:30:00,2047.66,2053.1620000000003,14.484419027635358,-79.69327349005235,29.699012102872846,-109.39228559292519,Stop_Loss,2
SHORT,2025-03-26 13:30:00,2025-03-26 14:00:00,2052.92,2044.067857142857,23.84959307834412,211.12000501423123,48.8557466198871,162.26425839434413,TP1,2
SHORT,2025-03-26 13:30:00,2025-03-26 14:00:00,2052.92,2027.11,23.84959307834412,615.5579973520659,48.65352762371818,566.9044697283476,RSI_Extreme,2
SHORT,2025-03-28 12:45:00,2025-03-28 13:30:00,1889.36,1899.259,8.551518843346752,-84.65148503029047,16.199223384380765,-100.85070841467123,Stop_Loss,3
SHORT,2025-04-02 05:15:00,2025-04-02 05:30:00,1866.16,1854.6914285714286,7.833023109395713,89.83358503175613,14.572757613314028,75.2608274184421,TP1,1
SHORT,2025-04-02 05:15:00,2025-04-02 05:45:00,1866.16,1858.1574285714285,7.833023109395713,62.684326934591425,14.586332242362609,48.097994692228816,Trailing_Stop,2
SHORT,2025-04-02 22:15:00,2025-04-02 22:45:00,1836.21,1797.8807142857142,3.5569778305414013,136.3364195462018,6.463190052445325,129.87322949375647,TP1,2
SHORT,2025-04-02 22:15:00,2025-04-02 23:30:00,1836.21,1795.8517142857143,3.5569778305414013,143.55352756437028,6.459581498436242,137.09394606593403,Trailing_Stop,5
SHORT,2025-04-03 10:30:00,2025-04-03 12:30:00,1799.49,1786.0896428571427,17.38372258421995,232.9480911009011,31.165360907527507,201.7827301933736,TP1,8
SHORT,2025-04-03 10:30:00,2025-04-03 12:45:00,1799.49,1790.3901428571428,17.38372258421995,158.18939212746224,31.202740257014227,126.98665187044801,Trailing_Stop,9
SHORT,2025-04-07 03:45:00,2025-04-07 04:00:00,1527.2,1541.3500000000001,6.331974727974981,-89.59744240084656,9.714990525763817,-99.31243292661037,Stop_Loss,1
SHORT,2025-04-08 14:45:00,2025-04-08 15:15:00,1546.35,1523.6271428571426,10.468094933213095,237.86502572526913,16.068406087111434,221.7966196381577,TP1,2
SHORT,2025-04-08 14:45:00,2025-04-08 15:30:00,1546.35,1526.9391428571428,10.468094933213095,203.19469530646603,16.085741252320837,187.1089540541452,Trailing_Stop,3
SHORT,2025-04-10 07:45:00,2025-04-10 08:00:00,1591.3,1597.8575,14.04105032816934,-92.07418752697211,22.389560480979355,-114.46374800795147,Stop_Loss,1
SHORT,2025-04-10 13:45:00,2025-04-10 14:00:00,1564.21,1576.2820000000002,18.878081002093193,-227.89619385727121,29.643231181212833,-257.53942503848407,Stop_Loss,1
SHORT,2025-04-11 01:00:00,2025-04-11 01:15:00,1507.4,1513.4810000000002,21.977839699703676,-133.64724321390094,33.196219184940276,-166.8434623988412,Stop_Loss,1
SHORT,2025-04-15 14:00:00,2025-04-15 14:15:00,1628.25,1635.515,30.200762024572846,-219.40853610852474,49.284095034565,-268.6926311430897,Stop_Loss,1
SHORT,2025-04-15 14:30:00,2025-04-15 14:45:00,1611.67,1620.4565,24.359492799825258,-214.03468348566298,39.366481102437206,-253.4011645881002,Stop_Loss,1
SHORT,2025-04-16 05:30:00,2025-04-16 05:45:00,1565.67,1572.153,12.89320747764323,-83.58666407756039,20.228301483560458,-103.81496556112084,Stop_Loss,1
SHORT,2025-04-21 17:00:00,2025-04-21 18:00:00,1588.88,1577.72,23.377441907647533,260.89225168934837,37.01350377237834,223.87874791697004,RSI_Extreme,4
SHORT,2025-04-22 00:45:00,2025-04-22 01:00:00,1560.33,1565.4095,24.96717423065448,-126.82076150461074,39.02044134806941,-165.84120285268017,Stop_Loss,1
SHORT,2025-04-23 15:30:00,2025-04-23 15:45:00,1765.71,1779.008,15.645293411337367,-208.05111178396433,27.729076585224483,-235.7801883691888,Stop_Loss,1
SHORT,2025-04-24 03:00:00,2025-04-24 03:15:00,1778.4,1784.865,12.580696551683413,-81.33420320663224,22.414177849117102,-103.74838105574935,Stop_Loss,1
SHORT,2025-04-28 00:15:00,2025-04-28 00:30:00,1781.34,1786.5075,23.36842268742698,-120.75632423727933,41.687484232139816,-162.44380846941914,Stop_Loss,1
SHORT,2025-04-28 00:30:00,2025-04-28 01:15:00,1779.34,1774.99,19.715731585735973,85.76343239794969,35.03810812356447,50.725324274385216,RSI_Extreme,3
SHORT,2025-04-30 07:45:00,2025-04-30 08:15:00,1796.85,1800.1734999999999,23.953804207801035,-79.61046828462595,43.0811983249296,-122.69166660955555,Stop_Loss,2
SHORT,2025-04-30 12:45:00,2025-04-30 13:00:00,1776.52,1781.7145,15.136959274568982,-78.62893495174951,26.93042535793316,-105.55936030968267,Stop_Loss,1
SHORT,2025-04-30 13:00:00,2025-04-30 13:15:00,1774.28,1761.9810714285713,16.940600241587536,208.35123232841173,29.953192580479726,178.398039747932,TP1,1
SHORT,2025-04-30 13:00:00,2025-04-30 13:15:00,1774.28,1760.79,16.940600241587536,228.528697259016,29.943103848014424,198.58559341100158,RSI_Extreme,1
SHORT,2025-05-02 05:30:00,2025-05-02 06:00:00,1836.84,1829.5639285714285,11.898148893320798,86.57178121558003,21.811709922599583,64.76007129298046,TP1,2
SHORT,2025-05-02 05:30:00,2025-05-02 06:15:00,1836.84,1829.6304285714286,11.898148893320798,85.78055431417262,21.81210553605029,63.96844877812233,Trailing_Stop,3
SHORT,2025-05-05 11:00:00,2025-05-05 11:15:00,1803.93,1808.2685000000001,47.153484669304525,-204.57539323778084,85.1638732961174,-289.7392665338982,Stop_Loss,1
SHORT,2025-05-06 08:30:00,2025-05-06 08:45:00,1793.55,1796.9185,59.01160988781373,-198.7806079071029,105.93966321824186,-304.72027112534477,Stop_Loss,1
LONG,2025-05-12 07:45:00,2025-05-12 08:00:00,2571.23,2540.6094285714285,3.7756225993510415,-115.6117214907576,9.650188235384,-125.2619097261416,Stop_Loss,1
SHORT,2025-05-13 01:45:00,2025-05-13 02:15:00,2448.25,2457.772,11.983677649028008,-114.10857857404392,29.396093093519845,-143.50467166756377,Stop_Loss,2
SHORT,2025-05-14 08:15:00,2025-05-14 08:45:00,2622.8,2633.9345000000003,16.82256687383537,-187.3108708567219,44.21588383212378,-231.52675468884567,Stop_Loss,2
SHORT,2025-05-20 19:00:00,2025-05-20 19:15:00,2451.71,2463.4195,12.480829122537836,-146.14426861035597,30.672445702322417,-176.81671431267839,Stop_Loss,1
SHORT,2025-05-21 17:45:00,2025-05-21 18:00:00,2475.2,2498.3925,7.724221255866792,-179.14400147669141,19.208564453259825,-198.35256592995125,Stop_Loss,1
SHORT,2025-05-21 18:00:00,2025-05-21 18:15:00,2471.5,2496.2665,5.658512915691475,-140.1415601264739,14.055085451194717,-154.19664557766862,Stop_Loss,1
SHORT,2025-05-26 14:00:00,2025-05-26 15:45:00,2550.15,2556.6735,26.380473250026004,-172.09301724653898,67.36021036717709,-239.45322761371608,Stop_Loss,7
SHORT,2025-05-26 16:30:00,2025-05-26 18:00:00,2542.92,2523.8807142857145,9.414966386846402,179.25423502956377,23.85187920692467,155.4023558226391,TP1,6
SHORT,2025-05-26 16:30:00,2025-05-26 18:15:00,2542.92,2528.905714285714,9.414966386846402,131.94402893566405,23.87553430997162,108.06849462569244,Trailing_Stop,7
SHORT,2025-05-27 01:15:00,2025-05-27 01:30:00,2535.2,2519.3332142857143,6.991965819564953,110.9400233806455,17.670561734070745,93.26946164657475,TP1,1
SHORT,2025-05-27 01:15:00,2025-05-27 01:45:00,2535.2,2514.3467142857144,6.991965819564953,145.805460939906,17.653129015291114,128.15233192461488,Trailing_Stop,2
SHORT,2025-05-29 12:45:00,2025-05-29 13:15:00,2687.18,2696.1594999999998,7.884706523733248,-70.80072222986205,21.22302603756044,-92.02374826742249,Stop_Loss,2
SHORT,2025-05-30 12:15:00,2025-05-30 12:30:00,2587.59,2597.619,6.986193263906939,-70.06453224372267,18.11243609387482,-88.17696833759749,Stop_Loss,1
SHORT,2025-05-30 12:30:00,2025-05-30 12:45:00,2593.18,2604.0899999999997,6.357389229791275,-69.35911649702189,16.52053416115865,-85.87965065818054,Stop_Loss,1
SHORT,2025-06-03 22:00:00,2025-06-03 22:30:00,2588.05,2597.5305000000003,10.865262268618041,-103.00811893763465,28.17134607376574,-131.1794650114004,Stop_Loss,2
SHORT,2025-06-05 10:45:00,2025-06-05 11:00:00,2590.33,2596.1555,29.020102811632547,-169.05660892916308,75.25617122052071,-244.3127801496838,Stop_Loss,1
SHORT,2025-06-05 19:30:00,2025-06-05 20:15:00,2539.0,2512.617142857143,5.333669698706004,140.71744570814627,13.471828642160471,127.2456170659858,TP1,3
SHORT,2025-06-05 19:30:00,2025-06-05 20:30:00,2539.0,2499.013142857143,5.333669698706004,213.27668828934176,13.435549020869873,199.8411392684719,Trailing_Stop,4
SHORT,2025-06-11 10:00:00,2025-06-11 10:15:00,2758.38,2765.5175,23.917630606355576,-170.71208845285858,66.05926995618553,-236.77135840904413,Stop_Loss,1
SHORT,2025-06-12 07:45:00,2025-06-12 08:30:00,2744.2,2752.7515,7.763627961629053,-66.3906645138711,21.338143184559385,-87.72880769843049,Stop_Loss,3
SHORT,2025-06-12 12:15:00,2025-06-12 12:45:00,2717.01,2725.9865000000004,7.317867103245372,-65.68883405228365,19.91556251521485,-85.6043965674985,Stop_Loss,2
SHORT,2025-06-17 15:00:00,2025-06-17 15:15:00,2531.85,2512.1292857142857,8.829185982796893,174.11785414216996,22.26711560347323,151.85073853869673,TP1,1
SHORT,2025-06-17 15:00:00,2025-06-17 15:30:00,2531.85,2515.078285714286,8.829185982796893,148.08058467890132,22.280134238204866,125.80045044069645,Trailing_Stop,2
SHORT,2025-06-17 15:45:00,2025-06-17 16:45:00,2499.62,2473.0817857142856,6.785216237189449,180.06752247744149,16.87042844956477,163.19709402787672,TP1,4
SHORT,2025-06-17 15:45:00,2025-06-17 17:00:00,2499.62,2482.0952857142856,6.785216237189449,118.90897592353424,16.90100772284172,102.00796820069252,Trailing_Stop,5
SHORT,2025-06-18 10:45:00,2025-06-18 11:00:00,2508.0,2493.2389285714285,12.583807956994836,185.75048809662766,31.467315112094735,154.28317298453294,TP1,1
SHORT,2025-06-18 10:45:00,2025-06-18 11:15:00,2508.0,2493.3544285714283,12.583807956994836,184.29705827759622,31.46804182700425,152.82901645059198,Trailing_Stop,2
SHORT,2025-06-23 16:30:00,2025-06-23 16:45:00,2209.73,2226.1705,10.918729114821279,-179.50936601222094,24.217197969900134,-203.72656398212106,Stop_Loss,1
SHORT,2025-06-25 09:45:00,2025-06-25 10:00:00,2411.76,2419.3085,23.241019372402647,-175.4348347325785,56.1394782989521,-231.5743130315306,Stop_Loss,1
SHORT,2025-06-30 07:15:00,2025-06-30 07:30:00,2468.7,2474.768,11.259284671848512,-68.32133938877915,27.82995673908681,-96.15129612786596,Stop_Loss,1
SHORT,2025-06-30 15:00:00,2025-06-30 15:15:00,2437.71,2445.5665,21.495617965938187,-168.88032254939054,52.48452303302187,-221.3648455824124,Stop_Loss,1
SHORT,2025-07-01 12:30:00,2025-07-01 13:45:00,2440.43,2445.8055,12.237226351985058,-65.78121025509692,29.89698491130244,-95.67819516639936,Stop_Loss,5
SHORT,2025-07-10 14:30:00,2025-07-10 14:45:00,2763.18,2771.2925,20.035680953394223,-162.5394617344143,55.44346262766705,-217.98292436208135,Stop_Loss,1
LONG,2025-07-10 16:45:00,2025-07-10 21:30:00,2804.56,2847.611785714286,2.1197164596627633,91.25757879644597,5.990500783510023,85.26707801293594,TP1,19
LONG,2025-07-10 16:45:00,2025-07-10 21:45:00,2804.56,2914.329285714286,3.179574689494145,349.0196425409952,9.091817812438197,339.927824728557,Trailing_Stop,20
SHORT,2025-07-11 16:00:00,2025-07-11 16:15:00,2950.45,2965.4795,11.090435563525164,-166.68370130200253,32.80511745905382,-199.48881876105634,Stop_Loss,1
SHORT,2025-07-15 00:45:00,2025-07-15 01:30:00,2995.95,2980.6832142857143,6.8507512777086275,104.58895173864563,20.472213814581842,84.11673792406378,TP1,3
SHORT,2025-07-15 00:45:00,2025-07-15 01:45:00,2995.95,2967.746714285714,6.8507512777086275,193.213695642725,20.4279014426298,172.7857942000952,Trailing_Stop,4
SHORT,2025-07-15 02:00:00,2025-07-15 02:15:00,2975.63,2985.532,10.169580422294315,-100.69918534155875,30.311258184662414,-131.01044352622117,Stop_Loss,1
SHORT,2025-07-15 02:30:00,2025-07-15 02:45:00,2961.75,2973.218,8.643796653230329,-99.12706001924408,25.65032826771455,-124.77738828695863,Stop_Loss,1
LONG,2025-07-17 21:30:00,2025-07-17 21:45:00,3480.62,3446.3742857142856,2.850859834467732,-97.62973135980059,9.873944891365177,-107.50367625116576,Stop_Loss,1
LONG,2025-07-17 21:45:00,2025-07-18 01:00:00,3465.2,3535.567857142857,1.053143505227249,74.107451726759,3.686406600176843,70.42104512658216,TP1,13
LONG,2025-07-17 21:45:00,2025-07-18 01:15:00,3465.2,3577.7885714285712,0.7898576289204368,88.92894207211064,2.7814791267711527,86.1474629453395,TP2,14
LONG,2025-07-17 21:45:00,2025-07-18 02:15:00,3465.2,3600.512857142857,0.7898576289204368,106.87789250530678,2.7904536019877506,104.08743890331903,Trailing_Stop,18
LONG,2025-07-18 14:15:00,2025-07-18 14:30:00,3665.0,3633.7192142857143,3.9747866117003987,-124.33444826061184,14.505425707751655,-138.8398739683635,Stop_Loss,1
LONG,2025-07-21 04:30:00,2025-07-21 11:00:00,3768.76,3814.336785714286,1.2379971504062643,56.42393083896296,4.693926105984595,51.730004732978365,TP1,26
LONG,2025-07-21 04:30:00,2025-07-21 11:15:00,3768.76,3805.7692857142856,1.856995725609396,68.72608537928487,7.032934253537311,61.693151125747555,Trailing_Stop,27
SHORT,2025-07-22 01:15:00,2025-07-22 01:30:00,3718.6,3730.8235,8.112452079287714,-99.16255799117384,30.21654558103488,-129.37910357220872,Stop_Loss,1
SHORT,2025-07-22 05:00:00,2025-07-22 05:15:00,3654.73,3673.4030000000002,3.484889367832562,-65.07333916553823,12.76886638888147,-77.8422055544197,Stop_Loss,1
SHORT,2025-07-22 08:15:00,2025-07-22 09:45:00,3639.21,3656.6115,9.259345677255277,-161.12650380275716,33.77726663402555,-194.9037704367827,Stop_Loss,6
SHORT,2025-07-28 13:15:00,2025-07-28 13:30:00,3857.8,3836.579285714286,7.938424133799091,168.4590304221685,30.540623108159053,137.91840731400944,TP1,1
SHORT,2025-07-28 13:15:00,2025-07-28 13:45:00,3857.8,3842.1482857142855,7.938424133799091,124.24994642104527,30.562727650159612,93.68721877088565,Trailing_Stop,2
SHORT,2025-07-29 00:45:00,2025-07-29 01:00:00,3753.16,3769.6065,5.904984315777312,-97.11632454943164,22.21090909687749,-119.32723364630912,Stop_Loss,1
SHORT,2025-07-29 15:00:00,2025-07-29 16:15:00,3780.61,3756.89,8.787898619209447,208.4489552476503,33.119392921145604,175.32956232650469,RSI_Extreme,5
SHORT,2025-07-30 09:45:00,2025-07-30 10:15:00,3778.0,3789.287,14.439672852779847,-162.98058748932334,54.63457433154693,-217.61516182087027,Stop_Loss,2
SHORT,2025-07-30 11:30:00,2025-07-30 12:30:00,3753.03,3766.2105,12.0350733472104,-158.62828425290593,45.247305466407504,-203.87558971931344,Stop_Loss,4
SHORT,2025-08-06 12:15:00,2025-08-06 12:30:00,3592.65,3602.8155,6.08138399325242,-61.82030898340787,21.87919435785001,-83.69950334125788,Stop_Loss,1
SHORT,2025-08-06 12:30:00,2025-08-06 13:45:00,3595.37,3572.7842857142855,2.9008877114173632,65.51862102501251,10.397005340486139,55.12161568452637,TP1,5
SHORT,2025-08-06 12:30:00,2025-08-06 14:00:00,3595.37,3580.0842857142857,2.9008877114173632,44.34214073166522,10.407593580632811,33.934547151032405,Trailing_Stop,6
LONG,2025-08-08 14:15:00,2025-08-08 15:45:00,3965.58,3937.256714285714,4.095338034096781,-115.99342923630427,16.18239388663536,-132.17582312293962,Stop_Loss,6
LONG,2025-08-08 17:45:00,2025-08-08 19:00:00,4018.42,4056.16,3.4278135292452196,129.36568259371384,13.839077283486432,115.52660531022741,RSI_Extreme,5
SHORT,2025-08-14 10:45:00,2025-08-14 11:30:00,4705.75,4722.243,9.356995167170787,-154.32492129215146,44.10884246856,-198.43376376071146,Stop_Loss,3
SHORT,2025-08-14 21:45:00,2025-08-14 22:00:00,4469.5,4492.8785,5.145111825547011,-120.2849968135498,23.056219802689142,-143.34121661623894,Stop_Loss,1
SHORT,2025-08-15 13:45:00,2025-08-15 14:15:00,4560.01,4520.9575,4.046460031403065,158.0243803763673,18.372886017610107,139.6514943587572,TP1,2
SHORT,2025-08-15 13:45:00,2025-08-15 14:30:00,4560.01,4534.371,4.046460031403065,103.74718874514367,18.40002461342572,85.34716413171796,Trailing_Stop,3
SHORT,2025-08-18 00:30:00,2025-08-18 01:00:00,4446.64,4461.9555,5.9543362549479255,-91.19363691265318,26.522386583157974,-117.71602349581116,Stop_Loss,2
SHORT,2025-08-18 01:30:00,2025-08-18 01:45:00,4410.62,4428.7945,4.939945782866271,-89.78104463070343,21.833114191140982,-111.61415882184441,Stop_Loss,1
SHORT,2025-08-19 00:30:00,2025-08-19 01:00:00,4285.01,4301.719,5.293056120943336,-88.44167472484132,22.72501924616583,-111.16669397100715,Stop_Loss,2
SHORT,2025-08-19 14:30:00,2025-08-19 15:15:00,4209.4,4168.179999999999,3.773639460611604,155.54941856641128,15.806983236215281,139.742435330196,TP1,3
SHORT,2025-08-19 14:30:00,2025-08-19 15:30:00,4209.4,4183.488,3.773639460611604,97.78254570336544,15.835866672646802,81.94667903071864,Trailing_Stop,4
SHORT,2025-08-19 23:45:00,2025-08-20 00:45:00,4095.57,4111.5805,5.60681701193098,-89.7679437695202,23.007995521438925,-112.77593929095913,Stop_Loss,4
SHORT,2025-08-25 00:45:00,2025-08-25 01:15:00,4692.51,4717.612,3.5222146640916727,-88.41463249802868,16.57223484964583,-104.98686734767452,Stop_Loss,2
SHORT,2025-08-28 14:30:00,2025-08-28 14:45:00,4552.81,4567.565500000001,9.84432811379433,-145.2579834830943,44.89198447150551,-190.14996795459982,Stop_Loss,1
SHORT,2025-08-29 01:30:00,2025-08-29 01:45:00,4448.0,4461.399,6.334277966594464,-84.87299047440139,28.217304890649377,-113.09029536505076,Stop_Loss,1
SHORT,2025-09-01 16:00:00,2025-09-01 17:15:00,4359.69,4328.351785714285,4.758903833180699,149.13554808932466,20.672777678434898,128.46277041088976,TP1,5
SHORT,2025-09-01 16:00:00,2025-09-01 17:30:00,4359.69,4325.005285714286,4.758903833180699,165.06121976705788,20.66481484259603,144.39640492446185,Trailing_Stop,6
SHORT,2025-09-01 20:45:00,2025-09-01 21:00:00,4268.81,4282.6410000000005,8.366733379996063,-115.72028937872665,35.77385526455036,-151.49414464327702,Stop_Loss,1
SHORT,2025-09-01 21:00:00,2025-09-01 21:15:00,4286.01,4255.790357142857,4.016890021784596,121.38898185475307,17.15573631134162,104.23324554341144,TP1,1
SHORT,2025-09-01 21:00:00,2025-09-01 21:30:00,4286.01,4260.987857142857,4.016890021784596,100.51119596652676,17.166175204285736,83.34502076224102,Trailing_Stop,2
SHORT,2025-09-02 12:00:00,2025-09-02 12:15:00,4346.05,4323.235,2.7307606679187892,62.302304638568565,11.836871248489171,50.4654333900794,TP1,1
SHORT,2025-09-02 12:00:00,2025-09-02 12:30:00,4346.05,4329.326,2.7307606679187892,45.66924141027427,11.845187780103318,33.82405363017095,Trailing_Stop,2
SHORT,2025-09-04 02:45:00,2025-09-04 03:15:00,4425.98,4402.957142857143,4.106231400699882,94.53717893382697,18.12682946540275,76.41034946842422,TP1,2
SHORT,2025-09-04 02:45:00,2025-09-04 03:30:00,4425.98,4409.759142857143,4.106231400699882,66.60659294626394,18.14079475839653,48.465798187867414,Trailing_Stop,3
SHORT,2025-09-04 14:15:00,2025-09-04 14:45:00,4336.82,4356.374,7.6483255011857425,-149.55535685018668,33.24418867847744,-182.7995455286641,Stop_Loss,2
SHORT,2025-09-05 14:45:00,2025-09-05 16:30:00,4288.66,4285.0,5.6500867824421395,20.679317623737408,24.220961521576438,-3.5416438978390303,RSI_Extreme,7
SHORT,2025-09-09 14:45:00,2025-09-09 15:15:00,4289.94,4305.291499999999,9.499301896339698,-145.8285330616566,40.824349443714354,-186.65288250537094,Stop_Loss,2
LONG,2025-09-12 14:30:00,2025-09-12 14:45:00,4557.2,4535.904142857143,5.004335155131673,-106.57160655866188,22.75247036568673,-129.32407692434862,Stop_Loss,1
LONG,2025-09-12 17:30:00,2025-09-12 18:45:00,4587.99,4613.04,3.6532337312010332,91.51350496658655,16.80675657889632,74.70674838769023,RSI_Extreme,5
SHORT,2025-09-15 08:00:00,2025-09-15 08:15:00,4594.94,4570.634642857142,6.215698868892183,151.07478090087832,28.485225970177005,122.58955493070133,TP1,1
SHORT,2025-09-15 08:00:00,2025-09-15 08:30:00,4594.94,4540.832142857143,6.215698868892183,336.3181464410362,28.392604287406925,307.9255421536293,Trailing_Stop,2
SHORT,2025-09-15 15:30:00,2025-09-15 16:00:00,4489.09,4505.671,9.02318501794231,-149.61343078250263,40.5806963475859,-190.19412713008853,Stop_Loss,2
SHORT,2025-09-17 05:00:00,2025-09-17 05:15:00,4474.7,4485.0765,5.620760304144811,-58.323819295960355,25.180378042604765,-83.50419733856512,Stop_Loss,1
SHORT,2025-09-17 14:30:00,2025-09-17 14:45:00,4472.55,4483.070000000001,13.701469989840643,-144.13946429312955,61.35257933520833,-205.49204362833788,Stop_Loss,1
SHORT,2025-09-22 00:30:00,2025-09-22 00:45:00,4425.29,4404.65,4.361387772650185,90.01904362750125,19.25539617461739,70.76364745288386,TP1,1
SHORT,2025-09-22 00:30:00,2025-09-22 00:45:00,4425.29,4359.01,4.361387772650185,289.0727815712532,19.15586930564551,269.91691226560766,RSI_Extreme,1
SHORT,2025-09-22 19:45:00,2025-09-22 20:15:00,4141.08,4152.4395,10.341528033094866,-117.4745876919461,42.88383220113445,-160.35841989308057,Stop_Loss,2
SHORT,2025-09-23 03:15:00,2025-09-23 03:30:00,4135.96,4148.671,4.520055580743239,-57.4544264868284,18.723496292974225,-76.17792277980263,Stop_Loss,1
SHORT,2025-09-23 17:45:00,2025-09-23 18:30:00,4142.75,4159.21,8.633809706043417,-142.11250776147494,35.8387714135921,-177.95127917506704,Stop_Loss,3
SHORT,2025-09-30 14:30:00,2025-09-30 15:00:00,4124.21,4136.232,11.524994358507268,-138.55348217797362,47.60077372438825,-186.15425590236185,Stop_Loss,2
SHORT,2025-09-30 15:15:00,2025-09-30 19:45:00,4115.99,4130.058,9.584190862946002,-134.83039705992638,39.51584894850707,-174.34624600843347,Stop_Loss,18
SHORT,2025-10-07 14:30:00,2025-10-07 15:15:00,4628.01,4582.9007142857145,3.1196492361349883,140.7251487211665,14.367405286964505,126.357743434202,TP1,3
SHORT,2025-10-07 14:30:00,2025-10-07 15:30:00,4628.01,4537.283714285714,3.1196492361349883,283.03418792593686,14.29625076736212,268.73793715857477,Trailing_Stop,4
SHORT,2025-10-10 15:00:00,2025-10-10 15:15:00,4277.71,4245.488928571429,4.630245926632253,149.19148473386832,19.73225356044712,129.4592311734212,TP1,1
SHORT,2025-10-10 15:00:00,2025-10-10 15:30:00,4277.71,4254.388428571428,4.630245926632253,107.98461110980674,19.75285699725915,88.23175411254758,Trailing_Stop,2
LONG,2025-10-13 07:15:00,2025-10-13 09:15:00,4182.31,4155.7705000000005,3.2464636965428904,-86.15952327439959,13.534637821051097,-99.69416109545068,Stop_Loss,8
SHORT,2025-10-15 15:00:00,2025-10-15 15:30:00,4007.86,4031.117,6.088718331488293,-141.6053222354236,24.47353331315638,-166.07885554858,Stop_Loss,2
SHORT,2025-10-16 15:45:00,2025-10-16 16:00:00,3951.36,3900.095357142857,2.890123625816723,148.16115549048524,11.345838312361924,136.8153171781233,TP1,1
SHORT,2025-10-16 15:45:00,2025-10-16 16:15:00,3951.36,3910.505857142857,2.890123625816723,118.07352348392038,11.360882128365207,106.71264135555518,Trailing_Stop,2
SHORT,2025-10-29 15:45:00,2025-10-29 16:15:00,3956.96,3927.8439285714285,5.267867683353253,153.3796117447771,20.768051902449102,132.611559842328,TP1,2
SHORT,2025-10-29 15:45:00,2025-10-29 16:30:00,3956.96,3935.2064285714287,5.267867683353253,114.59493592608781,20.787444240358447,93.80749168572936,Trailing_Stop,3
SHORT,2025-10-29 18:45:00,2025-10-29 19:00:00,3861.09,3885.7285,4.795184295332478,-118.14614826054937,18.573711204995554,-136.7198594655449,Stop_Loss,1
SHORT,2025-10-30 04:15:00,2025-10-30 04:30:00,3885.68,3896.1575,5.533697471205014,-57.97931525455033,21.531167247539173,-79.5104825020895,Stop_Loss,1
SHORT,2025-11-03 02:30:00,2025-11-03 02:45:00,3811.92,3781.4485714285715,3.0244320355767105,92.15876474121593,11.482813582684965,80.67595115853096,TP1,1
SHORT,2025-11-03 02:30:00,2025-11-03 03:00:00,3811.92,3792.1885714285713,3.0244320355767105,59.67636467912272,11.499054782716012,48.17730989640671,Trailing_Stop,2
SHORT,2025-11-03 11:00:00,2025-11-03 11:15:00,3674.56,3689.3655,9.856819675622802,-145.9351437074328,36.29244287911024,-182.22758658654303,Stop_Loss,1
SHORT,2025-11-03 15:30:00,2025-11-03 15:45:00,3634.6,3598.0717857142854,4.173601383735739,152.45420568825367,15.09314448648179,137.36106120177186,TP1,1
SHORT,2025-11-03 15:30:00,2025-11-03 16:00:00,3634.6,3593.011285714286,4.173601383735739,173.57471549064667,15.082584231580594,158.49213125906607,Trailing_Stop,2
SHORT,2025-11-04 17:00:00,2025-11-04 17:30:00,3428.29,3375.76,3.0229186551545633,158.79391695526843,10.284044837802204,148.50987211746622,TP1,2
SHORT,2025-11-04 17:00:00,2025-11-04 17:45:00,3428.29,3382.462,3.0229186551545633,138.53431612842326,10.294174638215626,128.24014149020763,Trailing_Stop,3
SHORT,2025-11-06 12:45:00,2025-11-06 13:15:00,3347.8,3359.771,5.1371700308101955,-61.49706243882887,17.22896636036579,-78.72602879919467,Stop_Loss,2
SHORT,2025-11-06 14:45:00,2025-11-06 15:00:00,3335.82,3351.8100000000004,9.516456255227393,-152.16813552108826,31.82126917307319,-183.98940469416146,Stop_Loss,1
SHORT,2025-11-10 14:45:00,2025-11-10 15:00:00,3580.37,3556.7310714285713,6.730197499306729,159.09465795771882,24.017049891613972,135.07760806610486,TP1,1
SHORT,2025-11-10 14:45:00,2025-11-10 15:15:00,3580.37,3537.505571428572,6.730197499306729,288.48606998063735,23.952354185602516,264.5337157950348,Trailing_Stop,2
SHORT,2025-11-11 13:00:00,2025-11-11 13:15:00,3539.7,3550.7059999999997,14.217751581358335,-156.4805739044278,50.40481555948631,-206.88538946391412,Stop_Loss,1
SHORT,2025-11-11 14:00:00,2025-11-11 14:30:00,3530.99,3543.3039999999996,12.371517469153108,-152.34286611514952,43.75987590146251,-196.102742016612,Stop_Loss,2
SHORT,2025-11-17 19:45:00,2025-11-17 20:15:00,2987.93,2964.55,5.266067148014332,123.12064992057326,15.673079688606176,107.44757023196708,RSI_Extreme,2
SHORT,2025-11-18 03:00:00,2025-11-18 03:45:00,2984.4,3004.824,2.948879018399076,-60.22790507178266,8.830748495046095,-69.05865356682875,Stop_Loss,3
SHORT,2025-11-19 03:45:00,2025-11-19 05:00:00,3078.0,3050.22,2.301582684481961,63.937966974909344,7.0523025193480215,56.885664455561326,TP1,5
SHORT,2025-11-19 03:45:00,2025-11-19 05:00:00,3078.0,3047.46,2.301582684481961,70.29033518407901,7.049126335243437,63.241208848835576,RSI_Extreme,5
SHORT,2025-11-19 14:15:00,2025-11-19 14:30:00,3060.73,3035.436785714286,6.421448175295809,162.4190647223636,19.57310954121196,142.84595518115165,TP1,1
SHORT,2025-11-19 14:15:00,2025-11-19 14:45:00,3060.73,3031.877285714286,6.421448175295809,185.27620950233094,19.561680968821975,165.71452853350897,Trailing_Stop,2
SHORT,2025-11-19 15:30:00,2025-11-19 16:00:00,3033.32,2991.794642857143,4.070550784335805,169.0310750876812,12.262767567597646,156.76830752008354,TP1,2
SHORT,2025-11-19 15:30:00,2025-11-19 16:15:00,3033.32,2982.610142857143,4.070550784335805,206.41704876641458,12.244074580758278,194.1729741856563,Trailing_Stop,3
SHORT,2025-11-20 14:15:00,2025-11-20 14:30:00,2968.59,2982.5975000000003,11.763781001792903,-164.78116238261603,35.00423322530371,-199.78539560791972,Stop_Loss,1
SHORT,2025-11-20 14:45:00,2025-11-20 16:00:00,2991.93,2953.553571428571,4.488956794641149,172.27012978977575,13.344509437695805,158.92562035207993,TP1,5
SHORT,2025-11-20 14:45:00,2025-11-20 16:15:00,2991.93,2915.1771428571424,2.6933740767846897,206.7241557477309,7.955024623680551,198.76913112405035,TP2,6
SHORT,2025-11-20 14:45:00,2025-11-20 16:30:00,2991.93,2900.9305714285715,1.7955827178564596,163.39700127767003,5.290559300397442,158.1064419772726,Trailing_Stop,7
SHORT,2025-11-21 02:45:00,2025-11-21 03:00:00,2810.8,2828.0535,5.950148491825807,-102.6608870037154,16.776007824325838,-119.43689482804123,Stop_Loss,1
SHORT,2025-11-24 00:15:00,2025-11-24 00:45:00,2778.39,2789.748,8.912453272211424,-101.2276442657789,24.812884869112388,-126.0405291348913,Stop_Loss,2
SHORT,2025-11-25 08:00:00,2025-11-25 09:00:00,2901.56,2884.7032142857142,10.563270187520828,178.0627819931412,30.560930854306363,147.5018511388348,TP1,4
SHORT,2025-11-25 08:00:00,2025-11-25 09:15:00,2901.56,2874.7527142857143,10.563270187520828,283.1726019940663,30.508375944305904,252.66422604976043,Trailing_Stop,5
SHORT,2025-11-25 14:45:00,2025-11-25 15:15:00,2878.9,2891.286,14.063882722754677,-174.19525140403897,40.57560959624046,-214.77086100027944,Stop_Loss,2
SHORT,2025-11-26 12:15:00,2025-11-26 12:30:00,2891.65,2898.8905,9.386082960239547,-67.95993367361335,27.175246758813493,-95.13518043242684,Stop_Loss,1
SHORT,2025-12-01 12:15:00,2025-12-01 12:30:00,2818.88,2825.703,9.84887179102378,-67.19885223015393,27.79638714039619,-94.99523937055012,Stop_Loss,1
SHORT,2025-12-04 15:00:00,2025-12-04 15:15:00,3143.01,3155.1690000000003,13.660434722261074,-166.09722578797385,43.017931549307775,-209.11515733728163,Stop_Loss,1
SHORT,2025-12-05 09:30:00,2025-12-05 10:15:00,3122.2,3131.238,17.914906244880285,-161.9149226412282,56.01487773908584,-217.92980038031405,Stop_Loss,3
SHORT,2025-12-08 15:15:00,2025-12-08 16:45:00,3108.16,3124.18,9.834976693734214,-157.55632663362192,30.647459323713747,-188.20378595733567,Stop_Loss,6
LONG,2025-12-10 17:30:00,2025-12-10 18:45:00,3367.3,3417.957142857143,1.7515061766258744,88.72629860450499,5.94220989785456,82.78408870665044,TP1,5
LONG,2025-12-10 17:30:00,2025-12-10 19:00:00,3367.3,3408.367142857143,2.6272592649388113,107.89403155599388,8.900717138606458,98.99331441738742,Trailing_Stop,6
SHORT,2025-12-12 14:30:00,2025-12-12 14:45:00,3223.22,3229.7855,23.978036551207403,-157.42779897695596,77.3652008720712,-234.79299984902715,Stop_Loss,1
SHORT,2025-12-15 14:45:00,2025-12-15 15:00:00,3120.92,3101.435,8.398325029142086,163.6413631928346,26.128679868353704,137.5126833244809,TP1,1
SHORT,2025-12-15 14:45:00,2025-12-15 15:00:00,3120.92,3046.75,8.398325029142086,622.9037674114692,25.899048666244386,597.0047187452247,RSI_Extreme,1
SHORT,2025-12-16 04:45:00,2025-12-16 05:00:00,2910.0,2886.1017857142856,3.0024171624544698,71.75240872344351,8.701157738380786,63.05125098506272,TP1,1
SHORT,2025-12-16 04:45:00,2025-12-16 05:15:00,2910.0,2879.5592857142856,3.0024171624544698,91.39572300880194,8.691336081238106,82.70438692756383,Trailing_Stop,2
SHORT,2025-12-17 05:30:00,2025-12-17 06:00:00,2922.41,2930.426,8.499870248484056,-68.13495991184884,24.874173292828218,-93.00913320467706,Stop_Loss,2
SHORT,2025-12-17 16:30:00,2025-12-17 17:30:00,2847.04,2873.072,6.471927516730469,-168.47721711552856,18.51007512579008,-186.98729224131864,Stop_Loss,4
SHORT,2025-12-22 19:15:00,2025-12-22 19:30:00,2998.9,2988.83,12.905403154774962,129.957409768586,38.63703481597034,91.32037495261565,RSI_Extreme,1
SHORT,2025-12-23 13:45:00,2025-12-23 14:30:00,2947.1,2933.535714285714,13.156704484182972,178.46129868188154,38.6848931359947,139.77640554588686,TP1,3
SHORT,2025-12-23 13:45:00,2025-12-23 14:45:00,2947.1,2937.5257142857145,13.156704484182972,125.96604778998838,38.711140761440646,87.25490702854773,Trailing_Stop,4
SHORT,2025-12-24 02:45:00,2025-12-24 03:00:00,2927.09,2934.6105000000002,13.651047538427601,-102.66270301274592,40.00917609076242,-142.67187910350833,Stop_Loss,1
SHORT,2025-12-24 14:45:00,2025-12-24 15:00:00,2908.74,2915.2709999999997,25.761915087915227,-168.25106743917303,75.01883842654212,-243.26990586571515,Stop_Loss,1
SHORT,2025-12-30 19:15:00,2025-12-30 19:30:00,2954.28,2963.1545,14.728552082651246,-130.708535457487,43.577621114463675,-174.28615657195067,Stop_Loss,1
